{
    "directories_scanned": "../forex/__MACOSX/forex/symbol=EURUSD",
    "anomalies_detected": 561,
    "anomalies_with_volume_spikes": 189,
    "anomaly_proportion": 1.000320958596341,
    "volume_spike_frequency": 18.747548232944617,
    "anomaly_volume_overlap": 33.68983957219251,
    "anomaly_descriptive_statistics": {
        "open": {
            "count": 561.0,
            "mean": 1.0003204099821748,
            "std": 0.17615923243340964,
            "min": 0.83514,
            "25%": 0.857475,
            "50%": 0.86361,
            "75%": 1.22405,
            "max": 1.23399
        },
        "high": {
            "count": 561.0,
            "mean": 1.0012974242424242,
            "std": 0.17624359831688635,
            "min": 0.837275,
            "25%": 0.858,
            "50%": 0.864665,
            "75%": 1.224715,
            "max": 1.234945
        },
        "low": {
            "count": 561.0,
            "mean": 0.9992949821746879,
            "std": 0.1760694333033127,
            "min": 0.83328,
            "25%": 0.85685,
            "50%": 0.862515,
            "75%": 1.22316,
            "max": 1.233355
        },
        "close": {
            "count": 561.0,
            "mean": 1.0002895365418896,
            "std": 0.1761601895935684,
            "min": 0.8351649999999999,
            "25%": 0.85748,
            "50%": 0.86375,
            "75%": 1.224005,
            "max": 1.23402
        },
        "volume": {
            "count": 561.0,
            "mean": 23073.211343768187,
            "std": 28917.828233790267,
            "min": 101.40000391006504,
            "25%": 7033.500135421765,
            "50%": 14454.660039000217,
            "75%": 27433.41030538084,
            "max": 208420.2486239225
        }
    },
    "time_distribution": {
        "00:00:00": 17,
        "01:00:00": 18,
        "02:00:00": 16,
        "03:00:00": 19,
        "04:00:00": 18,
        "05:00:00": 18,
        "06:00:00": 21,
        "07:00:00": 25,
        "08:00:00": 24,
        "09:00:00": 20,
        "10:00:00": 20,
        "11:00:00": 23,
        "12:00:00": 33,
        "13:00:00": 49,
        "14:00:00": 44,
        "15:00:00": 32,
        "16:00:00": 21,
        "17:00:00": 18,
        "18:00:00": 24,
        "19:00:00": 20,
        "20:00:00": 19,
        "21:00:00": 21,
        "22:00:00": 20,
        "23:00:00": 21
    }
}